Cluster,avg_monetary,avg_frequency,avg_recency
0,5752.398181818182,7.327272727272727,50.945454545454545
1,3118.6184375,4.0,66.40625
2,565.6388888888889,1.8888888888888888,108.55555555555556
3,2685.4344186046515,5.488372093023256,68.86046511627907
4,2786.553888888889,3.4444444444444446,95.94444444444444
5,2891.59375,4.28125,57.90625
6,960.4063636363636,1.5454545454545454,205.36363636363637
